,smoothed_model_name,experiment_name,seed,w_inf,cluster_param,smooth_a_mu,smooth_a_sigma2,smooth_a_p,smooth_t_mu,smooth_t_sigma2,smooth_t_p,constant_alpha,smoothing_target,hurdle_model,test_valid,non_degen_ll,clustering_matrix_name,clustering_transformation,distance_metric,cluster_inertia,run_timestamp
135,k_clusters,global_smoothing,6654,0.28,1,0.0,0.0,0.0,0.65,0.65,0.1,False,1,True,valid,-1.4060708,u,none,l2,0.0,20260810_230939_049594
33,k_clusters,global_smoothing,6654,0.34,1,0.0,0.0,0.0,0.65,0.85,0.05,False,1,True,valid,-1.4061037,u,none,l2,0.0,20260810_213024_815459
145,k_clusters,global_smoothing,6654,0.22,1,0.55,0.5,0.1,0.0,0.0,0.0,True,1,True,valid,-1.4068456,u,none,l2,0.0,20260810_231923_798844
61,k_clusters,global_smoothing,6654,0.25,1,0.0,0.0,0.0,0.65,0.65,0.1,False,1,True,valid,-1.4070066,u,none,l2,0.0,20260810_215732_606173
137,k_clusters,global_smoothing,6654,0.28,1,0.0,0.0,0.0,0.55,0.4,0.05,False,1,True,valid,-1.4071759,u,none,l1,0.0,20260810_231136_618909
192,k_clusters,global_smoothing,6654,0.34,1,0.4,0.45,0.2,0.0,0.0,0.0,True,1,True,valid,-1.4072726,u,none,l2,0.0,20260811_000458_973545
36,k_clusters,global_smoothing,6654,0.34,1,0.65,0.7,0.2,0.0,0.0,0.0,True,1,True,valid,-1.4073913,u,none,l2,0.0,20260810_213319_147335
139,k_clusters,global_smoothing,6654,0.25,1,0.3,0.6,0.2,0.0,0.0,0.0,True,1,True,valid,-1.4080508,u,none,l2,0.0,20260810_231332_666881
69,k_clusters,global_smoothing,6654,0.32,1,0.4,0.55,0.3,0.0,0.0,0.0,True,1,True,valid,-1.4082055,u,none,l2,0.0,20260810_220519_432865
184,k_clusters,global_smoothing,6654,0.32,1,0.0,0.0,0.0,0.8,0.65,0.15,False,1,True,valid,-1.4084249,u,none,l2,0.0,20260810_235722_883545
67,k_clusters,global_smoothing,6654,0.25,1,0.0,0.0,0.0,0.7,0.45,0.05,False,1,True,valid,-1.4084601,u,none,l1,0.0,20260810_220320_474037
71,k_clusters,global_smoothing,6654,0.26,1,0.0,0.0,0.0,0.45,0.05,0.1,False,1,True,valid,-1.4084744,u,none,l2,0.0,20260810_220718_625851
3,k_clusters,global_smoothing,6654,0.28,1,0.45,0.25,0.3,0.0,0.0,0.0,True,1,True,valid,-1.4086429,u,none,l2,0.0,20260810_210116_141790
172,k_clusters,global_smoothing,6654,0.38,1,0.45,0.35,0.1,0.0,0.0,0.0,True,1,True,valid,-1.408793,u,none,l2,0.0,20260810_234543_440149
180,k_clusters,global_smoothing,6654,0.25,1,0.0,0.0,0.0,0.65,0.5,0.2,False,1,True,valid,-1.408853,u,none,l2,0.0,20260810_235332_193907
138,k_clusters,global_smoothing,6654,0.24,1,0.0,0.0,0.0,0.55,0.25,0.2,False,1,True,valid,-1.409045,u,none,l2,0.0,20260810_231234_623958
30,k_clusters,global_smoothing,6654,0.3,1,0.0,0.0,0.0,0.9,0.65,0.05,False,1,True,valid,-1.4091334,u,none,l1,0.0,20260810_212734_568761
128,k_clusters,global_smoothing,6654,0.22,1,0.7,0.6,0.2,0.0,0.0,0.0,True,1,True,valid,-1.4093604,u,none,l2,0.0,20260810_230251_768246
81,k_clusters,global_smoothing,6654,0.32,1,0.55,0.55,0.4,0.0,0.0,0.0,True,1,True,valid,-1.4095124,u,none,l2,0.0,20260810_221705_552688
66,k_clusters,global_smoothing,6654,0.2,1,0.0,0.0,0.0,0.35,0.35,0.15,False,1,True,valid,-1.4095144,u,none,l2,0.0,20260810_220222_138526
40,k_clusters,global_smoothing,6654,0.3,1,0.6,0.5,0.1,0.0,0.0,0.0,True,1,True,valid,-1.4095358,u,none,l1,0.0,20260810_213723_872721
94,k_clusters,global_smoothing,6654,0.3,1,0.4,0.45,0.4,0.0,0.0,0.0,True,1,True,valid,-1.4096047,u,none,l2,0.0,20260810_222949_733747
93,k_clusters,global_smoothing,6654,0.25,1,0.6,0.35,0.1,0.0,0.0,0.0,True,1,True,valid,-1.4096524,u,none,l1,0.0,20260810_222851_228629
19,k_clusters,global_smoothing,6654,0.2,1,0.0,0.0,0.0,0.55,0.4,0.1,False,1,True,valid,-1.4096859,u,none,l2,0.0,20260810_211712_745648
15,k_clusters,global_smoothing,6654,0.34,1,0.65,0.6,0.4,0.0,0.0,0.0,True,1,True,valid,-1.4098154,u,none,l2,0.0,20260810_211240_052648
124,k_clusters,global_smoothing,6654,0.25,1,0.0,0.0,0.0,0.95,0.4,0.1,False,1,True,valid,-1.4098759,u,none,l2,0.0,20260810_225858_224776
189,k_clusters,global_smoothing,6654,0.3,1,0.0,0.0,0.0,0.7,0.85,0.3,False,1,True,valid,-1.410048,u,none,l2,0.0,20260811_000208_649362
6,k_clusters,global_smoothing,6654,0.3,1,0.0,0.0,0.0,0.65,0.65,0.35,False,1,True,valid,-1.410134,u,none,l2,0.0,20260810_210408_074178
79,k_clusters,global_smoothing,6654,0.25,1,0.7,0.5,0.3,0.0,0.0,0.0,True,1,True,valid,-1.410146,u,none,l2,0.0,20260810_221508_478040
82,k_clusters,global_smoothing,6654,0.3,1,0.4,0.9,0.2,0.0,0.0,0.0,True,1,True,valid,-1.4102136,u,none,l2,0.0,20260810_221804_283100
41,k_clusters,global_smoothing,6654,0.34,1,0.0,0.0,0.0,0.35,0.45,0.1,False,1,True,valid,-1.4106597,u,none,l1,0.0,20260810_213825_873057
27,k_clusters,global_smoothing,6654,0.2,1,0.0,0.0,0.0,0.55,0.4,0.15,False,1,True,valid,-1.410669,u,none,l2,0.0,20260810_212444_465832
80,k_clusters,global_smoothing,6654,0.25,1,0.4,0.35,0.4,0.0,0.0,0.0,True,1,True,valid,-1.4106778,u,none,l2,0.0,20260810_221607_355724
38,k_clusters,global_smoothing,6654,0.2,1,0.0,0.0,0.0,0.7,0.85,0.1,False,1,True,valid,-1.4108596,u,none,l2,0.0,20260810_213519_447334
32,k_clusters,global_smoothing,6654,0.34,1,0.0,0.0,0.0,0.45,0.35,0.1,False,1,True,valid,-1.4108902,u,none,l1,0.0,20260810_212928_443136
159,k_clusters,global_smoothing,6654,0.32,1,0.0,0.0,0.0,0.85,0.45,0.3,False,1,True,valid,-1.4110742,u,none,l2,0.0,20260810_233300_697825
5,k_clusters,global_smoothing,6654,0.34,1,0.0,0.0,0.0,0.45,0.75,0.1,False,1,True,valid,-1.4112091,u,none,l1,0.0,20260810_210311_497885
160,k_clusters,global_smoothing,6654,0.32,1,0.0,0.0,0.0,0.95,0.4,0.05,False,1,True,valid,-1.4112172,u,none,l1,0.0,20260810_233359_494274
197,k_clusters,global_smoothing,6654,0.32,1,0.3,0.5,0.45,0.0,0.0,0.0,True,1,True,valid,-1.4112414,u,none,l2,0.0,20260811_000944_686977
168,k_clusters,global_smoothing,6654,0.28,1,0.2,0.9,0.1,0.0,0.0,0.0,True,1,True,valid,-1.4112803,u,none,l2,0.0,20260810_234147_668979
10,k_clusters,global_smoothing,6654,0.2,1,0.0,0.0,0.0,0.9,0.85,0.05,False,1,True,valid,-1.4113926,u,none,l2,0.0,20260810_210755_108691
21,k_clusters,global_smoothing,6654,0.32,1,0.0,0.0,0.0,0.35,0.85,0.1,False,1,True,valid,-1.4114443,u,none,l1,0.0,20260810_211905_599232
83,k_clusters,global_smoothing,6654,0.2,1,0.4,0.55,0.3,0.0,0.0,0.0,True,1,True,valid,-1.4115245,u,none,l2,0.0,20260810_221902_876315
24,k_clusters,global_smoothing,6654,0.3,1,0.0,0.0,0.0,0.45,0.75,0.45,False,1,True,valid,-1.4116567,u,none,l2,0.0,20260810_212155_140158
98,k_clusters,global_smoothing,6654,0.32,1,0.0,0.0,0.0,0.35,0.25,0.15,False,1,True,valid,-1.4117081,u,none,l1,0.0,20260810_223342_197682
116,k_clusters,global_smoothing,6654,0.28,1,0.0,0.0,0.0,0.8,0.5,0.35,False,1,True,valid,-1.4117473,u,none,l2,0.0,20260810_225112_699392
64,k_clusters,global_smoothing,6654,0.28,1,0.0,0.0,0.0,0.35,0.85,0.4,False,1,True,valid,-1.4117645,u,none,l2,0.0,20260810_220027_471103
187,k_clusters,global_smoothing,6654,0.26,1,0.0,0.0,0.0,0.85,0.35,0.25,False,1,True,valid,-1.4118454,u,none,l2,0.0,20260811_000014_198446
65,k_clusters,global_smoothing,6654,0.2,1,0.8,0.6,0.2,0.0,0.0,0.0,True,1,True,valid,-1.411902,u,none,l2,0.0,20260810_220124_849501
150,k_clusters,global_smoothing,6654,0.38,1,0.0,0.0,0.0,0.65,0.65,0.45,False,1,True,valid,-1.4119762,u,none,l2,0.0,20260810_232415_904094
34,k_clusters,global_smoothing,6654,0.22,1,0.2,0.6,0.3,0.0,0.0,0.0,True,1,True,valid,-1.4119997,u,none,l2,0.0,20260810_213122_283732
194,k_clusters,global_smoothing,6654,0.2,1,0.0,0.0,0.0,0.55,0.45,0.1,False,1,True,valid,-1.4123025,u,none,l1,0.0,20260811_000653_072002
191,k_clusters,global_smoothing,6654,0.34,1,0.0,0.0,0.0,0.35,0.25,0.15,False,1,True,valid,-1.4123343,u,none,l1,0.0,20260811_000402_519732
143,k_clusters,global_smoothing,6654,0.25,1,0.0,0.0,0.0,0.75,0.55,0.35,False,1,True,valid,-1.4124669,u,none,l2,0.0,20260810_231726_898649
4,k_clusters,global_smoothing,6654,0.26,1,0.6,0.8,0.45,0.0,0.0,0.0,True,1,True,valid,-1.4124937,u,none,l2,0.0,20260810_210214_048228
108,k_clusters,global_smoothing,6654,0.38,1,0.0,0.0,0.0,0.45,0.45,0.1,False,1,True,valid,-1.4125279,u,none,l1,0.0,20260810_224326_252157
165,k_clusters,global_smoothing,6654,0.25,1,0.0,0.0,0.0,0.55,0.55,0.15,False,1,True,valid,-1.4125444,u,none,l1,0.0,20260810_233851_983963
7,k_clusters,global_smoothing,6654,0.3,1,0.55,0.9,0.45,0.0,0.0,0.0,True,1,True,valid,-1.4126687,u,none,l2,0.0,20260810_210505_244197
185,k_clusters,global_smoothing,6654,0.38,1,0.0,0.0,0.0,0.75,0.75,0.45,False,1,True,valid,-1.412688,u,none,l2,0.0,20260810_235819_992670
134,k_clusters,global_smoothing,6654,0.2,1,0.0,0.0,0.0,0.65,0.4,0.25,False,1,True,valid,-1.4128209,u,none,l2,0.0,20260810_230841_122307
181,k_clusters,global_smoothing,6654,0.34,1,0.3,0.9,0.2,0.0,0.0,0.0,True,1,True,valid,-1.4129584,u,none,l2,0.0,20260810_235430_037001
72,k_clusters,global_smoothing,6654,0.38,1,0.65,0.7,0.55,0.0,0.0,0.0,True,1,True,valid,-1.4130169,u,none,l2,0.0,20260810_220817_060709
35,k_clusters,global_smoothing,6654,0.26,1,0.0,0.0,0.0,0.9,0.35,0.3,False,1,True,valid,-1.4132017,u,none,l2,0.0,20260810_213220_163536
140,k_clusters,global_smoothing,6654,0.3,1,0.5,0.35,0.2,0.0,0.0,0.0,True,1,True,valid,-1.4132882,u,none,l1,0.0,20260810_231431_201676
104,k_clusters,global_smoothing,6654,0.2,1,0.7,0.9,0.3,0.0,0.0,0.0,True,1,True,valid,-1.4133779,u,none,l2,0.0,20260810_223933_736562
131,k_clusters,global_smoothing,6654,0.28,1,0.0,0.0,0.0,0.75,0.85,0.45,False,1,True,valid,-1.4133825,u,none,l2,0.0,20260810_230545_747046
100,k_clusters,global_smoothing,6654,0.38,1,0.8,0.9,0.5,0.0,0.0,0.0,True,1,True,valid,-1.4134164,u,none,l2,0.0,20260810_223539_413104
130,k_clusters,global_smoothing,6654,0.24,1,0.0,0.0,0.0,0.8,0.45,0.35,False,1,True,valid,-1.4134893,u,none,l2,0.0,20260810_230447_608685
75,k_clusters,global_smoothing,6654,0.34,1,0.0,0.0,0.0,0.9,0.55,0.45,False,1,True,valid,-1.4135077,u,none,l2,0.0,20260810_221112_780781
176,k_clusters,global_smoothing,6654,0.2,1,0.0,0.0,0.0,0.35,0.45,0.15,False,1,True,valid,-1.4135553,u,none,l1,0.0,20260810_234939_974342
119,k_clusters,global_smoothing,6654,0.22,1,0.2,0.55,0.4,0.0,0.0,0.0,True,1,True,valid,-1.41367,u,none,l2,0.0,20260810_225407_585558
84,k_clusters,global_smoothing,6654,0.34,1,0.6,0.7,0.6,0.0,0.0,0.0,True,1,True,valid,-1.4136784,u,none,l2,0.0,20260810_222001_508124
133,k_clusters,global_smoothing,6654,0.38,1,0.0,0.0,0.0,0.55,0.65,0.15,False,1,True,valid,-1.413717,u,none,l1,0.0,20260810_230743_127583
118,k_clusters,global_smoothing,6654,0.22,1,0.0,0.0,0.0,0.7,0.65,0.35,False,1,True,valid,-1.4137706,u,none,l2,0.0,20260810_225309_747255
51,k_clusters,global_smoothing,6654,0.22,1,0.0,0.0,0.0,0.55,0.35,0.4,False,1,True,valid,-1.4138111,u,none,l2,0.0,20260810_214752_853308
151,k_clusters,global_smoothing,6654,0.28,1,0.2,0.25,0.55,0.0,0.0,0.0,True,1,True,valid,-1.413868,u,none,l2,0.0,20260810_232513_748444
1,k_clusters,global_smoothing,6654,0.38,1,0.6,0.9,0.1,0.0,0.0,0.0,True,1,True,valid,-1.4138725,u,none,l1,0.0,20260810_205917_874230
23,k_clusters,global_smoothing,6654,0.2,1,0.0,0.0,0.0,0.8,0.4,0.1,False,1,True,valid,-1.4139603,u,none,l1,0.0,20260810_212059_097219
29,k_clusters,global_smoothing,6654,0.22,1,0.0,0.0,0.0,0.75,0.15,0.1,False,1,True,valid,-1.4139729,u,none,l1,0.0,20260810_212637_736513
141,k_clusters,global_smoothing,6654,0.34,1,0.7,0.25,0.45,0.0,0.0,0.0,True,1,True,valid,-1.4139756,u,none,l2,0.0,20260810_231529_978558
96,k_clusters,global_smoothing,6654,0.26,1,0.3,0.65,0.5,0.0,0.0,0.0,True,1,True,valid,-1.4141566,u,none,l2,0.0,20260810_223145_508623
25,k_clusters,global_smoothing,6654,0.24,1,0.0,0.0,0.0,0.85,0.25,0.3,False,1,True,valid,-1.4142165,u,none,l2,0.0,20260810_212252_080254
28,k_clusters,global_smoothing,6654,0.3,1,0.0,0.0,0.0,0.85,0.25,0.4,False,1,True,valid,-1.4143984,u,none,l2,0.0,20260810_212540_869226
2,k_clusters,global_smoothing,6654,0.22,1,0.65,0.7,0.45,0.0,0.0,0.0,True,1,True,valid,-1.4144644,u,none,l2,0.0,20260810_210017_656859
190,k_clusters,global_smoothing,6654,0.28,1,0.45,0.35,0.6,0.0,0.0,0.0,True,1,True,valid,-1.4145119,u,none,l2,0.0,20260811_000305_333159
43,k_clusters,global_smoothing,6654,0.34,1,0.3,0.55,0.6,0.0,0.0,0.0,True,1,True,valid,-1.4147112,u,none,l2,0.0,20260810_214032_930853
183,k_clusters,global_smoothing,6654,0.28,1,0.0,0.0,0.0,0.65,0.15,0.45,False,1,True,valid,-1.4147196,u,none,l2,0.0,20260810_235625_509565
103,k_clusters,global_smoothing,6654,0.3,1,0.65,0.8,0.6,0.0,0.0,0.0,True,1,True,valid,-1.4147867,u,none,l2,0.0,20260810_223835_630390
188,k_clusters,global_smoothing,6654,0.2,1,0.0,0.0,0.0,0.65,0.45,0.15,False,1,True,valid,-1.4149039,u,none,l1,0.0,20260811_000111_579786
77,k_clusters,global_smoothing,6654,0.45,1,0.0,0.0,0.0,0.75,0.75,0.3,False,1,True,valid,-1.4149195,u,none,l2,0.0,20260810_221311_122064
120,k_clusters,global_smoothing,6654,0.2,1,0.5,0.35,0.45,0.0,0.0,0.0,True,1,True,valid,-1.4149228,u,none,l2,0.0,20260810_225505_527512
49,k_clusters,global_smoothing,6654,0.34,1,0.45,0.8,0.2,0.0,0.0,0.0,True,1,True,valid,-1.4149604,u,none,l1,0.0,20260810_214604_628754
164,k_clusters,global_smoothing,6654,0.38,1,0.55,0.5,0.65,0.0,0.0,0.0,True,1,True,valid,-1.4150188,u,none,l2,0.0,20260810_233753_545514
110,k_clusters,global_smoothing,6654,0.24,1,0.0,0.0,0.0,0.85,0.25,0.35,False,1,True,valid,-1.4150525,u,none,l2,0.0,20260810_224522_311401
142,k_clusters,global_smoothing,6654,0.34,1,0.0,0.0,0.0,0.85,0.75,0.2,False,1,True,valid,-1.4150536,u,none,l1,0.0,20260810_231629_000765
47,k_clusters,global_smoothing,6654,0.22,1,0.0,0.0,0.0,0.55,0.55,0.45,False,1,True,valid,-1.415054,u,none,l2,0.0,20260810_214415_144194
174,k_clusters,global_smoothing,6654,0.38,1,0.8,0.25,0.2,0.0,0.0,0.0,True,1,True,valid,-1.4152226,u,none,l2,0.0,20260810_234741_580125
52,k_clusters,global_smoothing,6654,0.28,1,0.0,0.0,0.0,0.9,0.25,0.4,False,1,True,valid,-1.4152555,u,none,l2,0.0,20260810_214847_566926
146,k_clusters,global_smoothing,6654,0.34,1,0.3,0.8,0.5,0.0,0.0,0.0,True,1,True,valid,-1.4152621,u,none,l2,0.0,20260810_232022_307605
153,k_clusters,global_smoothing,6654,0.26,1,0.2,0.9,0.1,0.0,0.0,0.0,True,1,True,valid,-1.4152743,u,none,l1,0.0,20260810_232710_782243
16,k_clusters,global_smoothing,6654,0.3,1,0.45,0.35,0.65,0.0,0.0,0.0,True,1,True,valid,-1.4152752,u,none,l2,0.0,20260810_211336_658049
129,k_clusters,global_smoothing,6654,0.28,1,0.7,0.7,0.6,0.0,0.0,0.0,True,1,True,valid,-1.415361,u,none,l2,0.0,20260810_230349_589036
179,k_clusters,global_smoothing,6654,0.24,1,0.0,0.0,0.0,0.95,0.5,0.4,False,1,True,valid,-1.4157276,u,none,l2,0.0,20260810_235234_824671
8,k_clusters,global_smoothing,6654,0.22,1,0.0,0.0,0.0,0.85,0.65,0.4,False,1,True,valid,-1.4157393,u,none,l2,0.0,20260810_210601_845238
132,k_clusters,global_smoothing,6654,0.26,1,0.0,0.0,0.0,0.9,0.25,0.15,False,1,True,valid,-1.4158262,u,none,l1,0.0,20260810_230644_454339
101,k_clusters,global_smoothing,6654,0.28,1,0.5,0.5,0.65,0.0,0.0,0.0,True,1,True,valid,-1.4158326,u,none,l2,0.0,20260810_223638_669680
92,k_clusters,global_smoothing,6654,0.45,1,0.0,0.0,0.0,0.8,0.85,0.1,False,1,True,valid,-1.416006,u,none,l2,0.0,20260810_222752_927728
37,k_clusters,global_smoothing,6654,0.22,1,0.0,0.0,0.0,0.75,0.25,0.4,False,1,True,valid,-1.4160149,u,none,l2,0.0,20260810_213418_899403
22,k_clusters,global_smoothing,6654,0.24,1,0.6,0.25,0.55,0.0,0.0,0.0,True,1,True,valid,-1.4160223,u,none,l2,0.0,20260810_212002_313183
50,k_clusters,global_smoothing,6654,0.45,1,0.0,0.0,0.0,0.85,0.85,0.15,False,1,True,valid,-1.4160409,u,none,l2,0.0,20260810_214658_530391
91,k_clusters,global_smoothing,6654,0.25,1,0.45,0.65,0.6,0.0,0.0,0.0,True,1,True,valid,-1.4161592,u,none,l2,0.0,20260810_222654_995569
46,k_clusters,global_smoothing,6654,0.25,1,0.0,0.0,0.0,0.9,0.4,0.45,False,1,True,valid,-1.4162041,u,none,l2,0.0,20260810_214321_148462
78,k_clusters,global_smoothing,6654,0.45,1,0.65,0.55,0.5,0.0,0.0,0.0,True,1,True,valid,-1.4162062,u,none,l2,0.0,20260810_221409_823421
198,k_clusters,global_smoothing,6654,0.38,1,0.65,0.25,0.1,0.0,0.0,0.0,True,1,True,valid,-1.4163065,u,none,l1,0.0,20260811_001042_780193
154,k_clusters,global_smoothing,6654,0.38,1,0.0,0.0,0.0,0.85,0.25,0.45,False,1,True,valid,-1.416347,u,none,l2,0.0,20260810_232808_776389
12,k_clusters,global_smoothing,6654,0.45,1,0.0,0.0,0.0,0.85,0.75,0.4,False,1,True,valid,-1.4163617,u,none,l2,0.0,20260810_210949_326802
45,k_clusters,global_smoothing,6654,0.2,1,0.0,0.0,0.0,0.8,0.15,0.3,False,1,True,valid,-1.4166865,u,none,l2,0.0,20260810_214226_788084
0,k_clusters,global_smoothing,6654,0.2,1,0.0,0.0,0.0,0.35,0.05,0.45,False,1,True,valid,-1.4167329,u,none,l2,0.0,20260810_205757_867270
136,k_clusters,global_smoothing,6654,0.38,1,0.0,0.0,0.0,0.85,0.15,0.25,False,1,True,valid,-1.4167887,u,none,l2,0.0,20260810_231037_314682
99,k_clusters,global_smoothing,6654,0.22,1,0.3,0.6,0.55,0.0,0.0,0.0,True,1,True,valid,-1.417048,u,none,l2,0.0,20260810_223440_378353
26,k_clusters,global_smoothing,6654,0.2,1,0.0,0.0,0.0,0.85,0.25,0.35,False,1,True,valid,-1.4170516,u,none,l2,0.0,20260810_212348_236322
148,k_clusters,global_smoothing,6654,0.24,1,0.0,0.0,0.0,0.85,0.15,0.15,False,1,True,valid,-1.4170529,u,none,l1,0.0,20260810_232219_511770
127,k_clusters,global_smoothing,6654,0.38,1,0.0,0.0,0.0,0.55,0.05,0.25,False,1,True,valid,-1.4171948,u,none,l2,0.0,20260810_230153_837285
54,k_clusters,global_smoothing,6654,0.24,1,0.0,0.0,0.0,0.55,0.25,0.25,False,1,True,valid,-1.4175531,u,none,l1,0.0,20260810_215039_579347
117,k_clusters,global_smoothing,6654,0.34,1,0.0,0.0,0.0,0.65,0.5,0.3,False,1,True,valid,-1.4175888,u,none,l1,0.0,20260810_225211_189362
152,k_clusters,global_smoothing,6654,0.32,1,0.65,0.35,0.3,0.0,0.0,0.0,True,1,True,valid,-1.4177688,u,none,l1,0.0,20260810_232612_252472
88,k_clusters,global_smoothing,6654,0.22,1,0.0,0.0,0.0,0.45,0.25,0.25,False,1,True,valid,-1.4178098,u,none,l1,0.0,20260810_222359_493419
58,k_clusters,global_smoothing,6654,0.2,1,0.0,0.0,0.0,0.75,0.5,0.45,False,1,True,valid,-1.4179292,u,none,l2,0.0,20260810_215434_921754
123,k_clusters,global_smoothing,6654,0.38,1,0.6,0.25,0.65,0.0,0.0,0.0,True,1,True,valid,-1.4179351,u,none,l2,0.0,20260810_225800_351276
166,k_clusters,global_smoothing,6654,0.2,1,0.0,0.0,0.0,0.85,0.05,0.1,False,1,True,valid,-1.4181732,u,none,l1,0.0,20260810_233951_116013
56,k_clusters,global_smoothing,6654,0.2,1,0.0,0.0,0.0,0.75,0.85,0.2,False,1,True,valid,-1.4181741,u,none,l1,0.0,20260810_215235_983258
9,k_clusters,global_smoothing,6654,0.34,1,0.0,0.0,0.0,0.85,0.05,0.2,False,1,True,valid,-1.418952,u,none,l2,0.0,20260810_210658_461207
87,k_clusters,global_smoothing,6654,0.45,1,0.65,0.45,0.6,0.0,0.0,0.0,True,1,True,valid,-1.4190261,u,none,l2,0.0,20260810_222300_114542
85,k_clusters,global_smoothing,6654,0.45,1,0.0,0.0,0.0,0.7,0.85,0.1,False,1,True,valid,-1.4190423,u,none,l1,0.0,20260810_222101_257981
20,k_clusters,global_smoothing,6654,0.2,1,0.0,0.0,0.0,0.7,0.15,0.45,False,1,True,valid,-1.4191232,u,none,l2,0.0,20260810_211808_938626
167,k_clusters,global_smoothing,6654,0.45,1,0.0,0.0,0.0,0.55,0.4,0.1,False,1,True,valid,-1.4191893,u,none,l1,0.0,20260810_234049_696941
89,k_clusters,global_smoothing,6654,0.26,1,0.0,0.0,0.0,0.65,0.05,0.2,False,1,True,valid,-1.4192107,u,none,l1,0.0,20260810_222458_626325
60,k_clusters,global_smoothing,6654,0.38,1,0.8,0.6,0.3,0.0,0.0,0.0,True,1,True,valid,-1.419216,u,none,l1,0.0,20260810_215634_514813
125,k_clusters,global_smoothing,6654,0.22,1,0.45,0.7,0.3,0.0,0.0,0.0,True,1,True,valid,-1.4198695,u,none,l1,0.0,20260810_225956_797452
171,k_clusters,global_smoothing,6654,0.38,1,0.0,0.0,0.0,0.75,0.25,0.25,False,1,True,valid,-1.4198987,u,none,l1,0.0,20260810_234445_446426
122,k_clusters,global_smoothing,6654,0.45,1,0.0,0.0,0.0,0.65,0.5,0.15,False,1,True,valid,-1.4199185,u,none,l1,0.0,20260810_225702_516909
17,k_clusters,global_smoothing,6654,0.22,1,0.7,0.65,0.3,0.0,0.0,0.0,True,1,True,valid,-1.4199805,u,none,l1,0.0,20260810_211522_309398
106,k_clusters,global_smoothing,6654,0.28,1,0.0,0.0,0.0,0.75,0.25,0.3,False,1,True,valid,-1.42001,u,none,l1,0.0,20260810_224130_190847
177,k_clusters,global_smoothing,6654,0.45,1,0.0,0.0,0.0,0.65,0.15,0.2,False,1,True,valid,-1.4201574,u,none,l2,0.0,20260810_235037_964564
158,k_clusters,global_smoothing,6654,0.45,1,0.45,0.25,0.55,0.0,0.0,0.0,True,1,True,valid,-1.4203776,u,none,l2,0.0,20260810_233202_791657
86,k_clusters,global_smoothing,6654,0.45,1,0.0,0.0,0.0,0.85,0.25,0.1,False,1,True,valid,-1.4203806,u,none,l2,0.0,20260810_222200_629839
126,k_clusters,global_smoothing,6654,0.3,1,0.0,0.0,0.0,0.75,0.4,0.35,False,1,True,valid,-1.4207224,u,none,l1,0.0,20260810_230055_922854
155,k_clusters,global_smoothing,6654,0.22,1,0.8,0.5,0.3,0.0,0.0,0.0,True,1,True,valid,-1.421113,u,none,l1,0.0,20260810_232907_302126
170,k_clusters,global_smoothing,6654,0.45,1,0.0,0.0,0.0,0.35,0.35,0.2,False,1,True,valid,-1.421394,u,none,l1,0.0,20260810_234345_799366
18,k_clusters,global_smoothing,6654,0.32,1,0.4,0.5,0.4,0.0,0.0,0.0,True,1,True,valid,-1.4215457,u,none,l1,0.0,20260810_211617_031325
147,k_clusters,global_smoothing,6654,0.38,1,0.2,0.8,0.2,0.0,0.0,0.0,True,1,True,valid,-1.4216238,u,none,l1,0.0,20260810_232121_085406
63,k_clusters,global_smoothing,6654,0.32,1,0.0,0.0,0.0,0.95,0.5,0.35,False,1,True,valid,-1.4217672,u,none,l1,0.0,20260810_215929_624380
74,k_clusters,global_smoothing,6654,0.38,1,0.0,0.0,0.0,0.8,0.25,0.3,False,1,True,valid,-1.4221941,u,none,l1,0.0,20260810_221014_967088
13,k_clusters,global_smoothing,6654,0.45,1,0.8,0.45,0.65,0.0,0.0,0.0,True,1,True,valid,-1.4222463,u,none,l2,0.0,20260810_211046_005817
42,k_clusters,global_smoothing,6654,0.45,1,0.0,0.0,0.0,0.95,0.5,0.15,False,1,True,valid,-1.4223564,u,none,l1,0.0,20260810_213928_439135
186,k_clusters,global_smoothing,6654,0.22,1,0.0,0.0,0.0,0.85,0.4,0.3,False,1,True,valid,-1.4224617,u,none,l1,0.0,20260810_235917_438521
11,k_clusters,global_smoothing,6654,0.45,1,0.0,0.0,0.0,0.8,0.25,0.05,False,1,True,valid,-1.4231311,u,none,l1,0.0,20260810_210852_790993
113,k_clusters,global_smoothing,6654,0.25,1,0.0,0.0,0.0,0.95,0.55,0.35,False,1,True,valid,-1.4236639,u,none,l1,0.0,20260810_224817_428570
102,k_clusters,global_smoothing,6654,0.2,1,0.0,0.0,0.0,0.75,0.25,0.3,False,1,True,valid,-1.4237326,u,none,l1,0.0,20260810_223738_331313
97,k_clusters,global_smoothing,6654,0.3,1,0.45,0.9,0.4,0.0,0.0,0.0,True,1,True,valid,-1.4239771,u,none,l1,0.0,20260810_223244_044138
121,k_clusters,global_smoothing,6654,0.45,1,0.0,0.0,0.0,0.65,0.15,0.05,False,1,True,valid,-1.4245394,u,none,l1,0.0,20260810_225604_085131
111,k_clusters,global_smoothing,6654,0.26,1,0.0,0.0,0.0,0.7,0.25,0.4,False,1,True,valid,-1.4250511,u,none,l1,0.0,20260810_224620_632446
149,k_clusters,global_smoothing,6654,0.45,1,0.2,0.7,0.1,0.0,0.0,0.0,True,1,True,valid,-1.4254422,u,none,l1,0.0,20260810_232318_023883
107,k_clusters,global_smoothing,6654,0.34,1,0.0,0.0,0.0,0.65,0.85,0.45,False,1,True,valid,-1.4258705,u,none,l1,0.0,20260810_224228_281476
90,k_clusters,global_smoothing,6654,0.45,1,0.55,0.5,0.3,0.0,0.0,0.0,True,1,True,valid,-1.4259675,u,none,l1,0.0,20260810_222557_320237
57,k_clusters,global_smoothing,6654,0.25,1,0.7,0.55,0.45,0.0,0.0,0.0,True,1,True,valid,-1.4263737,u,none,l1,0.0,20260810_215335_339204
59,k_clusters,global_smoothing,6654,0.34,1,0.3,0.9,0.4,0.0,0.0,0.0,True,1,True,valid,-1.4270216,u,none,l1,0.0,20260810_215535_311877
76,k_clusters,global_smoothing,6654,0.22,1,0.0,0.0,0.0,0.75,0.75,0.4,False,1,True,valid,-1.4270248,u,none,l1,0.0,20260810_221212_045830
196,k_clusters,global_smoothing,6654,0.45,1,0.0,0.0,0.0,0.65,0.75,0.35,False,1,True,valid,-1.4276403,u,none,l1,0.0,20260811_000847_534401
31,k_clusters,global_smoothing,6654,0.38,1,0.6,0.8,0.45,0.0,0.0,0.0,True,1,True,valid,-1.4277884,u,none,l1,0.0,20260810_212831_641758
48,k_clusters,global_smoothing,6654,0.25,1,0.0,0.0,0.0,0.35,0.05,0.45,False,1,True,valid,-1.4279355,u,none,l1,0.0,20260810_214509_772321
112,k_clusters,global_smoothing,6654,0.28,1,0.5,0.6,0.5,0.0,0.0,0.0,True,1,True,valid,-1.42825,u,none,l1,0.0,20260810_224719_025307
114,k_clusters,global_smoothing,6654,0.24,1,0.2,0.65,0.45,0.0,0.0,0.0,True,1,True,valid,-1.4287084,u,none,l1,0.0,20260810_224916_202648
95,k_clusters,global_smoothing,6654,0.32,1,0.45,0.65,0.5,0.0,0.0,0.0,True,1,True,valid,-1.4288745,u,none,l1,0.0,20260810_223048_038023
39,k_clusters,global_smoothing,6654,0.2,1,0.45,0.25,0.45,0.0,0.0,0.0,True,1,True,valid,-1.4289486,u,none,l1,0.0,20260810_213621_255532
144,k_clusters,global_smoothing,6654,0.22,1,0.7,0.9,0.45,0.0,0.0,0.0,True,1,True,valid,-1.428992,u,none,l1,0.0,20260810_231825_728672
173,k_clusters,global_smoothing,6654,0.22,1,0.0,0.0,0.0,0.55,0.25,0.45,False,1,True,valid,-1.4291009,u,none,l1,0.0,20260810_234642_242496
115,k_clusters,global_smoothing,6654,0.45,1,0.0,0.0,0.0,0.35,0.85,0.35,False,1,True,valid,-1.4291136,u,none,l1,0.0,20260810_225014_659529
73,k_clusters,global_smoothing,6654,0.26,1,0.0,0.0,0.0,0.95,0.4,0.45,False,1,True,valid,-1.4291923,u,none,l1,0.0,20260810_220915_927375
169,k_clusters,global_smoothing,6654,0.25,1,0.65,0.65,0.5,0.0,0.0,0.0,True,1,True,valid,-1.4293994,u,none,l1,0.0,20260810_234246_305983
193,k_clusters,global_smoothing,6654,0.2,1,0.0,0.0,0.0,0.85,0.35,0.4,False,1,True,valid,-1.4295555,u,none,l1,0.0,20260811_000556_022719
44,k_clusters,global_smoothing,6654,0.2,1,0.6,0.35,0.45,0.0,0.0,0.0,True,1,True,valid,-1.4295567,u,none,l1,0.0,20260810_214132_529253
157,k_clusters,global_smoothing,6654,0.3,1,0.0,0.0,0.0,0.95,0.05,0.35,False,1,True,valid,-1.4295636,u,none,l1,0.0,20260810_233104_370458
53,k_clusters,global_smoothing,6654,0.45,1,0.45,0.55,0.4,0.0,0.0,0.0,True,1,True,valid,-1.4321135,u,none,l1,0.0,20260810_214942_723835
163,k_clusters,global_smoothing,6654,0.3,1,0.45,0.35,0.55,0.0,0.0,0.0,True,1,True,valid,-1.4324083,u,none,l1,0.0,20260810_233655_879745
156,k_clusters,global_smoothing,6654,0.3,1,0.55,0.35,0.55,0.0,0.0,0.0,True,1,True,valid,-1.4326708,u,none,l1,0.0,20260810_233005_831901
70,k_clusters,global_smoothing,6654,0.25,1,0.6,0.65,0.55,0.0,0.0,0.0,True,1,True,valid,-1.433051,u,none,l1,0.0,20260810_220619_072839
175,k_clusters,global_smoothing,6654,0.2,1,0.3,0.65,0.5,0.0,0.0,0.0,True,1,True,valid,-1.4333051,u,none,l1,0.0,20260810_234840_767812
105,k_clusters,global_smoothing,6654,0.28,1,0.65,0.25,0.55,0.0,0.0,0.0,True,1,True,valid,-1.433996,u,none,l1,0.0,20260810_224031_781997
68,k_clusters,global_smoothing,6654,0.34,1,0.55,0.7,0.55,0.0,0.0,0.0,True,1,True,valid,-1.4340394,u,none,l1,0.0,20260810_220419_871978
161,k_clusters,global_smoothing,6654,0.38,1,0.45,0.9,0.5,0.0,0.0,0.0,True,1,True,valid,-1.4350309,u,none,l1,0.0,20260810_233458_127576
162,k_clusters,global_smoothing,6654,0.45,1,0.0,0.0,0.0,0.65,0.85,0.45,False,1,True,valid,-1.4351155,u,none,l1,0.0,20260810_233556_801997
199,k_clusters,global_smoothing,6654,0.45,1,0.4,0.25,0.4,0.0,0.0,0.0,True,1,True,valid,-1.4355799,u,none,l1,0.0,20260811_001140_520869
62,k_clusters,global_smoothing,6654,0.24,1,0.7,0.45,0.6,0.0,0.0,0.0,True,1,True,valid,-1.438342,u,none,l1,0.0,20260810_215831_349211
178,k_clusters,global_smoothing,6654,0.28,1,0.3,0.7,0.6,0.0,0.0,0.0,True,1,True,valid,-1.4386553,u,none,l1,0.0,20260810_235136_879393
55,k_clusters,global_smoothing,6654,0.38,1,0.55,0.8,0.6,0.0,0.0,0.0,True,1,True,valid,-1.4431107,u,none,l1,0.0,20260810_215137_636549
109,k_clusters,global_smoothing,6654,0.3,1,0.5,0.25,0.65,0.0,0.0,0.0,True,1,True,valid,-1.4434769,u,none,l1,0.0,20260810_224424_574505
14,k_clusters,global_smoothing,6654,0.32,1,0.55,0.55,0.65,0.0,0.0,0.0,True,1,True,valid,-1.4436836,u,none,l1,0.0,20260810_211143_378472
195,k_clusters,global_smoothing,6654,0.45,1,0.5,0.7,0.55,0.0,0.0,0.0,True,1,True,valid,-1.4451072,u,none,l1,0.0,20260811_000750_505056
182,k_clusters,global_smoothing,6654,0.45,1,0.65,0.25,0.6,0.0,0.0,0.0,True,1,True,valid,-1.4563642,u,none,l1,0.0,20260810_235528_085123
